{"stat.walkOneCm":105273,"stat.useItem.minecraft.lever":1,"stat.leaveGame":1,"stat.useItem.breachmod2.bancvolant":1,"stat.useItem.breachmod2.scp1162hole":2,"stat.useItem.breachmod2.walllight":25,"stat.useItem.breachmod2.ceillingslab":1,"stat.useItem.breachmod2.ceillingstair":1,"stat.jump":144,"stat.climbOneCm":44,"stat.useItem.breachmod2.scp1162wall":8,"stat.useItem.breachmod2.bancpied":3,"stat.crouchOneCm":4256,"stat.useItem.minecraft.stone_button":1,"stat.sprintOneCm":51087,"stat.useItem.minecraft.stone_slab2":822,"stat.useItem.minecraft.wooden_button":2,"stat.flyOneCm":130735,"stat.playOneMinute":39622,"stat.useItem.breachmod2.ceillingblock":2,"stat.sneakTime":1652,"stat.timeSinceDeath":39622}