{"stat.walkOneCm":25777,"stat.useItem.breachmod2.caisse1x1rouge":1,"stat.useItem.breachmod2.caisse1x1blanc":1,"stat.useItem.breachmod2.caisse1x1gris":1,"stat.useItem.breachmod2.caisse1x1orange":1,"stat.leaveGame":1,"stat.useItem.breachmod2.caisse1x1grisfonce":1,"stat.jump":86,"stat.swimOneCm":3004,"stat.climbOneCm":5240,"stat.crouchOneCm":5201,"stat.sprintOneCm":9096,"stat.useItem.minecraft.stone_slab2":1187,"stat.pickup.minecraft.ladder":1,"stat.useItem.breachmod2.caisse1x1bleu":1,"stat.flyOneCm":57032,"stat.useItem.breachmod2.caisse1x1vert":2,"stat.playOneMinute":24050,"stat.sneakTime":2575,"stat.useItem.breachmod2.caisse1x1jaune":1,"stat.timeSinceDeath":24050,"stat.useItem.breachmod2.caisse1x1violet":1,"stat.diveOneCm":23958}