{"stat.walkOneCm":1609,"stat.leaveGame":1,"stat.flyOneCm":19300,"stat.jump":7,"stat.playOneMinute":9044,"stat.sneakTime":379,"stat.useItem.breachmod2.electricalbarez1":5,"stat.useItem.breachmod2.electricalbarez2":4,"stat.useItem.breachmod2.electricalbarez3":4,"stat.crouchOneCm":1300,"stat.useItem.breachmod2.electricalbarez4":6,"stat.useItem.breachmod2.electricalbarez5":5,"stat.timeSinceDeath":9044,"stat.useItem.breachmod2.electricalbarez6":5,"stat.useItem.minecraft.stone_slab2":52,"stat.useItem.breachmod2.electricalbarlcz1":4,"stat.useItem.breachmod2.electricalbarlcz2":4,"stat.useItem.breachmod2.electricalbarlcz3":4,"stat.useItem.breachmod2.electricalbarlcz4":5,"stat.useItem.breachmod2.electricalbarlcz5":6,"stat.useItem.breachmod2.electricalbarlcz6":6}