{
  "minecraft:recipes/redstone/stone_button": {
    "criteria": {
      "has_stone": "2021-05-07 19:27:57 +0200"
    },
    "done": true
  },
  "minecraft:recipes/building_blocks/stonebrick": {
    "criteria": {
      "has_stone": "2021-05-07 19:27:57 +0200"
    },
    "done": true
  },
  "minecraft:recipes/building_blocks/stone_slab": {
    "criteria": {
      "has_stone": "2021-05-07 19:27:57 +0200"
    },
    "done": true
  },
  "minecraft:recipes/redstone/stone_pressure_plate": {
    "criteria": {
      "has_stone": "2021-05-07 19:27:57 +0200"
    },
    "done": true
  },
  "minecraft:adventure/adventuring_time": {
    "criteria": {
      "extreme_hills": "2021-04-20 16:11:47 +0200"
    },
    "done": false
  }
}