{"stat.walkOneCm":24907,"stat.useItem.breachmod2.desktop1":3,"stat.useItem.breachmod2.desktop2":3,"stat.useItem.breachmod2.desktop3":3,"stat.useItem.breachmod2.grandetable":3,"stat.leaveGame":1,"stat.useItem.breachmod2.grandetableapied2":3,"stat.useItem.breachmod2.bancvolant":55,"stat.useItem.breachmod2.petitetableapied":8,"stat.useItem.breachmod2.grandetableapied":3,"stat.flyOneCm":19667,"stat.jump":33,"stat.playOneMinute":11842,"stat.sneakTime":409,"stat.useItem.breachmod2.bancpied":7,"stat.crouchOneCm":567,"stat.timeSinceDeath":11842,"stat.sprintOneCm":6572,"stat.useItem.minecraft.stone_slab2":157}