{"stat.walkOneCm":107811,"stat.useItem.minecraft.lever":1,"stat.leaveGame":1,"stat.useItem.breachmod2.bancvolant":1,"stat.useItem.breachmod2.scp1162hole":2,"stat.useItem.breachmod2.walllight":25,"stat.useItem.breachmod2.ceillingslab":1,"stat.useItem.breachmod2.ceillingstair":1,"stat.jump":146,"stat.climbOneCm":44,"stat.useItem.breachmod2.scp1162wall":8,"stat.useItem.breachmod2.bancpied":3,"stat.crouchOneCm":4256,"stat.useItem.minecraft.stone_button":1,"stat.sprintOneCm":52076,"stat.useItem.minecraft.stone_slab2":823,"stat.useItem.minecraft.wooden_button":2,"stat.flyOneCm":132526,"stat.playOneMinute":51720,"stat.useItem.breachmod2.ceillingblock":2,"stat.sneakTime":1657,"stat.timeSinceDeath":51720}