{
  "minecraft:recipes/redstone/stone_button": {
    "criteria": {
      "has_stone": "2021-05-07 19:44:48 +0200"
    },
    "done": true
  },
  "minecraft:recipes/building_blocks/stonebrick": {
    "criteria": {
      "has_stone": "2021-05-07 19:44:48 +0200"
    },
    "done": true
  },
  "minecraft:recipes/building_blocks/stone_slab": {
    "criteria": {
      "has_stone": "2021-05-07 19:44:48 +0200"
    },
    "done": true
  },
  "minecraft:recipes/redstone/stone_pressure_plate": {
    "criteria": {
      "has_stone": "2021-05-07 19:44:48 +0200"
    },
    "done": true
  },
  "minecraft:adventure/adventuring_time": {
    "criteria": {
      "extreme_hills": "2021-02-26 00:40:39 +0100",
      "river": "2021-05-07 19:46:34 +0200"
    },
    "done": false
  }
}