{
	"credit": "Made with Blockbench",
	"textures": {
		"0": "blocks/hardened_clay_stained_pink",
		"1": "blocks/hardened_clay_stained_cyan",
		"2": "blocks/iron_block",
		"particle": "blocks/hardened_clay_stained_pink"
	},
	"elements": [
		{
			"from": [5, 0, 3],
			"to": [11, 1, 12],
			"rotation": {"angle": 0, "axis": "y", "origin": [13, 8, 12]},
			"faces": {
				"north": {"uv": [0, 0, 6, 1], "texture": "#1"},
				"east": {"uv": [0, 0, 9, 1], "texture": "#1"},
				"south": {"uv": [0, 0, 6, 1], "texture": "#1"},
				"west": {"uv": [0, 0, 9, 1], "texture": "#1"},
				"up": {"uv": [0, 0, 6, 9], "texture": "#1"},
				"down": {"uv": [0, 0, 6, 9], "texture": "#1"}
			}
		},
		{
			"from": [4, 0, 2],
			"to": [12, 0.5, 13],
			"rotation": {"angle": 0, "axis": "y", "origin": [12, 8, 11]},
			"faces": {
				"north": {"uv": [0, 0, 8, 0.5], "texture": "#1"},
				"east": {"uv": [0, 0, 11, 0.5], "texture": "#1"},
				"south": {"uv": [0, 0, 8, 0.5], "texture": "#1"},
				"west": {"uv": [0, 0, 11, 0.5], "texture": "#1"},
				"up": {"uv": [0, 0, 8, 11], "texture": "#1"},
				"down": {"uv": [0, 0, 8, 11], "texture": "#1"}
			}
		},
		{
			"from": [4.5, 0, 7],
			"to": [5, 2, 8],
			"rotation": {"angle": 0, "axis": "y", "origin": [12, 8, 15]},
			"faces": {
				"north": {"uv": [0, 0, 0.5, 2], "texture": "#1"},
				"east": {"uv": [0, 0, 1, 2], "texture": "#1"},
				"south": {"uv": [0, 0, 0.5, 2], "texture": "#1"},
				"west": {"uv": [0, 0, 1, 2], "texture": "#1"},
				"up": {"uv": [0, 0, 0.5, 1], "texture": "#1"},
				"down": {"uv": [0, 0, 0.5, 1], "texture": "#1"}
			}
		},
		{
			"from": [11, 0, 7],
			"to": [11.5, 2, 8],
			"rotation": {"angle": 0, "axis": "y", "origin": [19, 8, 15]},
			"faces": {
				"north": {"uv": [0, 0, 0.5, 2], "texture": "#1"},
				"east": {"uv": [0, 0, 1, 2], "texture": "#1"},
				"south": {"uv": [0, 0, 0.5, 2], "texture": "#1"},
				"west": {"uv": [0, 0, 1, 2], "texture": "#1"},
				"up": {"uv": [0, 0, 0.5, 1], "texture": "#1"},
				"down": {"uv": [0, 0, 0.5, 1], "texture": "#1"}
			}
		},
		{
			"from": [5, 1.3, 7.3],
			"to": [6.25, 1.7, 7.7],
			"rotation": {"angle": 0, "axis": "y", "origin": [13, 9, 15]},
			"faces": {
				"north": {"uv": [0, 0, 16, 5], "texture": "#2"},
				"east": {"uv": [0, 0, 16, 16], "texture": "#2"},
				"south": {"uv": [0, 0, 16, 5], "texture": "#2"},
				"west": {"uv": [0, 0, 16, 16], "texture": "#2"},
				"up": {"uv": [0, 0, 16, 5], "texture": "#2"},
				"down": {"uv": [0, 0, 16, 5], "texture": "#2"}
			}
		},
		{
			"from": [9.75, 1.3, 7.3],
			"to": [11, 1.7, 7.7],
			"rotation": {"angle": 0, "axis": "y", "origin": [17, 9, 15]},
			"faces": {
				"north": {"uv": [0, 0, 16, 5], "texture": "#2"},
				"east": {"uv": [0, 0, 16, 16], "texture": "#2"},
				"south": {"uv": [0, 0, 16, 5], "texture": "#2"},
				"west": {"uv": [0, 0, 16, 16], "texture": "#2"},
				"up": {"uv": [0, 0, 16, 5], "texture": "#2"},
				"down": {"uv": [0, 0, 16, 5], "texture": "#2"}
			}
		},
		{
			"from": [5.25, 1.1, 7],
			"to": [5.75, 1.9, 10.5],
			"rotation": {"angle": 0, "axis": "y", "origin": [13, 9, 15]},
			"faces": {
				"north": {"uv": [0, 0, 0.5, 0.8], "texture": "#1"},
				"east": {"uv": [0, 0, 3.5, 0.8], "texture": "#1"},
				"south": {"uv": [0, 0, 0.5, 0.8], "texture": "#1"},
				"west": {"uv": [0, 0, 3.5, 0.8], "texture": "#1"},
				"up": {"uv": [0, 0, 0.5, 3.5], "texture": "#1"},
				"down": {"uv": [0, 0, 0.5, 3.5], "texture": "#1"}
			}
		},
		{
			"from": [10.25, 1.1, 7],
			"to": [10.75, 1.9, 10.5],
			"rotation": {"angle": 0, "axis": "y", "origin": [18, 9, 15]},
			"faces": {
				"north": {"uv": [0, 0, 0.5, 0.8], "texture": "#1"},
				"east": {"uv": [0, 0, 3.5, 0.8], "texture": "#1"},
				"south": {"uv": [0, 0, 0.5, 0.8], "texture": "#1"},
				"west": {"uv": [0, 0, 3.5, 0.8], "texture": "#1"},
				"up": {"uv": [0, 0, 0.5, 3.5], "texture": "#1"},
				"down": {"uv": [0, 0, 0.5, 3.5], "texture": "#1"}
			}
		},
		{
			"from": [4, 1.2, 10.85],
			"to": [12, 2, 11.35],
			"rotation": {"angle": 0, "axis": "y", "origin": [12, 9, 19]},
			"faces": {
				"north": {"uv": [0, 0, 8, 0.8], "texture": "#0"},
				"east": {"uv": [0, 0, 0.5, 0.8], "texture": "#0"},
				"south": {"uv": [0, 0, 8, 0.8], "texture": "#0"},
				"west": {"uv": [0, 0, 0.5, 0.8], "texture": "#0"},
				"up": {"uv": [0, 0, 8, 0.5], "texture": "#0"},
				"down": {"uv": [0, 0, 8, 0.5], "texture": "#0"}
			}
		},
		{
			"from": [4, 1.25, 11.35],
			"to": [12, 1.75, 11.75],
			"rotation": {"angle": 0, "axis": "y", "origin": [12, 9, 20]},
			"faces": {
				"north": {"uv": [0, 0, 8, 0.5], "texture": "#0"},
				"east": {"uv": [0, 0, 0.4, 0.5], "texture": "#0"},
				"south": {"uv": [0, 0, 8, 0.5], "texture": "#0"},
				"west": {"uv": [0, 0, 0.4, 0.5], "texture": "#0"},
				"up": {"uv": [0, 0, 8, 0.4], "texture": "#0"},
				"down": {"uv": [0, 0, 8, 0.4], "texture": "#0"}
			}
		},
		{
			"from": [4, 1.645, 11.28],
			"to": [12, 2.045, 11.68],
			"rotation": {"angle": 22.5, "axis": "x", "origin": [8, 1.85355, 11.19645]},
			"faces": {
				"north": {"uv": [0, 0, 8, 0.4], "rotation": 180, "texture": "#0"},
				"east": {"uv": [0, 0, 0.4, 0.4], "rotation": 90, "texture": "#0"},
				"south": {"uv": [0, 0, 8, 0.4], "texture": "#0"},
				"west": {"uv": [0, 0, 0.4, 0.4], "rotation": 270, "texture": "#0"},
				"up": {"uv": [0, 0, 8, 0.4], "texture": "#0"},
				"down": {"uv": [0, 0, 8, 0.4], "rotation": 180, "texture": "#0"}
			}
		},
		{
			"from": [4, 1.34, 10.46],
			"to": [12, 1.74, 10.86],
			"rotation": {"angle": -22.5, "axis": "x", "origin": [8, 1.85355, 10.19645]},
			"faces": {
				"north": {"uv": [0, 0, 8, 0.4], "rotation": 180, "texture": "#0"},
				"east": {"uv": [0, 0, 0.4, 0.4], "rotation": 90, "texture": "#0"},
				"south": {"uv": [0, 0, 8, 0.4], "texture": "#0"},
				"west": {"uv": [0, 0, 0.4, 0.4], "rotation": 270, "texture": "#0"},
				"up": {"uv": [0, 0, 8, 0.4], "texture": "#0"},
				"down": {"uv": [0, 0, 8, 0.4], "rotation": 180, "texture": "#0"}
			}
		},
		{
			"from": [4, 1.63, 11.33],
			"to": [12, 1.73, 11.73],
			"rotation": {"angle": -22.5, "axis": "x", "origin": [8, 1.73714, 11.45514]},
			"faces": {
				"north": {"uv": [0, 0, 8, 0.1], "texture": "#0"},
				"east": {"uv": [0, 0, 0.4, 0.1], "texture": "#0"},
				"south": {"uv": [0, 0, 8, 0.1], "texture": "#0"},
				"west": {"uv": [0, 0, 0.4, 0.1], "texture": "#0"},
				"up": {"uv": [0, 0, 8, 0.4], "texture": "#0"},
				"down": {"uv": [0, 0, 8, 0.4], "texture": "#0"}
			}
		},
		{
			"from": [4, 1.75, 10.44],
			"to": [12, 1.85, 10.84],
			"rotation": {"angle": 22.5, "axis": "x", "origin": [8, 1.73714, 10.45514]},
			"faces": {
				"north": {"uv": [0, 0, 8, 0.1], "texture": "#0"},
				"east": {"uv": [0, 0, 0.4, 0.1], "texture": "#0"},
				"south": {"uv": [0, 0, 8, 0.1], "texture": "#0"},
				"west": {"uv": [0, 0, 0.4, 0.1], "texture": "#0"},
				"up": {"uv": [0, 0, 8, 0.4], "texture": "#0"},
				"down": {"uv": [0, 0, 8, 0.4], "texture": "#0"}
			}
		},
		{
			"from": [4, 1.25, 10.45],
			"to": [12, 1.75, 10.85],
			"rotation": {"angle": 0, "axis": "y", "origin": [12, 9, 19]},
			"faces": {
				"north": {"uv": [0, 0, 8, 0.5], "texture": "#0"},
				"east": {"uv": [0, 0, 0.4, 0.5], "texture": "#0"},
				"south": {"uv": [0, 0, 8, 0.5], "texture": "#0"},
				"west": {"uv": [0, 0, 0.4, 0.5], "texture": "#0"},
				"up": {"uv": [0, 0, 8, 0.4], "texture": "#0"},
				"down": {"uv": [0, 0, 8, 0.4], "texture": "#0"}
			}
		},
		{
			"from": [6, 1, 10.85],
			"to": [10, 1.2, 11.45],
			"rotation": {"angle": 0, "axis": "y", "origin": [17, 8, 18]},
			"faces": {
				"north": {"uv": [0, 0, 4, 0.2], "texture": "#1"},
				"east": {"uv": [0, 0, 0.6, 0.2], "texture": "#1"},
				"south": {"uv": [0, 0, 4, 0.2], "texture": "#1"},
				"west": {"uv": [0, 0, 0.6, 0.2], "texture": "#1"},
				"up": {"uv": [0, 0, 4, 0.6], "texture": "#1"},
				"down": {"uv": [0, 0, 4, 0.6], "texture": "#1"}
			}
		},
		{
			"from": [6, 1, 3.85],
			"to": [10, 1.2, 4.45],
			"rotation": {"angle": 0, "axis": "y", "origin": [17, 8, 11]},
			"faces": {
				"north": {"uv": [0, 0, 4, 0.2], "texture": "#1"},
				"east": {"uv": [0, 0, 0.6, 0.2], "texture": "#1"},
				"south": {"uv": [0, 0, 4, 0.2], "texture": "#1"},
				"west": {"uv": [0, 0, 0.6, 0.2], "texture": "#1"},
				"up": {"uv": [0, 0, 4, 0.6], "texture": "#1"},
				"down": {"uv": [0, 0, 4, 0.6], "texture": "#1"}
			}
		}
	]
}