{
	"credit": "Made with Blockbench",
	"textures": {
		"4": "blocks/desac",
		"5": "blocks/Cadre",
		"9": "blocks/pad",
		"particle": "Texture/button"
	},
	"elements": [
		{
			"from": [6, 6, 8],
			"to": [10, 11, 8.5],
			"rotation": {"angle": 0, "axis": "x", "origin": [8, 8.5, 8.5]},
			"faces": {
				"north": {"uv": [0, 0, 4, 5], "rotation": 180, "texture": "#9"},
				"east": {"uv": [0, 0, 5, 0.5], "rotation": 90, "texture": "#9"},
				"south": {"uv": [0, 0, 4, 5], "texture": "#9"},
				"west": {"uv": [0, 0, 5, 0.5], "rotation": 270, "texture": "#9"},
				"up": {"uv": [0, 0, 4, 0.5], "texture": "#9"},
				"down": {"uv": [0, 0, 4, 0.5], "rotation": 180, "texture": "#9"}
			}
		},
		{
			"from": [6, 6, 7.75],
			"to": [10, 6.25, 8],
			"rotation": {"angle": 0, "axis": "x", "origin": [15, 14, 0]},
			"faces": {
				"north": {"uv": [0, 0, 4, 0.25], "rotation": 180, "texture": "#9"},
				"east": {"uv": [0, 0, 0.25, 0.25], "rotation": 90, "texture": "#9"},
				"south": {"uv": [0, 0, 4, 0.25], "texture": "#missing"},
				"west": {"uv": [0, 0, 0.25, 0.25], "rotation": 270, "texture": "#9"},
				"up": {"uv": [0, 0, 4, 0.25], "texture": "#9"},
				"down": {"uv": [0, 0, 4, 0.25], "rotation": 180, "texture": "#9"}
			}
		},
		{
			"from": [6, 6.25, 7.85],
			"to": [10, 6.5, 8],
			"rotation": {"angle": 0, "axis": "x", "origin": [15, 15, 0]},
			"faces": {
				"north": {"uv": [0, 0, 4, 0.25], "rotation": 180, "texture": "#4"},
				"east": {"uv": [0, 0, 0.25, 0.15], "rotation": 90, "texture": "#4"},
				"south": {"uv": [0, 0, 4, 0.25], "texture": "#missing"},
				"west": {"uv": [0, 0, 0.25, 0.15], "rotation": 270, "texture": "#4"},
				"up": {"uv": [0, 0, 4, 0.15], "texture": "#missing"},
				"down": {"uv": [0, 0, 4, 0.15], "rotation": 180, "texture": "#missing"}
			}
		},
		{
			"from": [6, 6.5, 7.75],
			"to": [10, 7.15, 8],
			"rotation": {"angle": 0, "axis": "x", "origin": [15, 15, -1]},
			"faces": {
				"north": {"uv": [0, 0, 4, 0.65], "rotation": 180, "texture": "#9"},
				"east": {"uv": [0, 0, 0.65, 0.25], "rotation": 90, "texture": "#9"},
				"south": {"uv": [0, 0, 4, 0.65], "texture": "#missing"},
				"west": {"uv": [0, 0, 0.65, 0.25], "rotation": 270, "texture": "#9"},
				"up": {"uv": [0, 0, 4, 0.25], "texture": "#9"},
				"down": {"uv": [0, 0, 4, 0.25], "rotation": 180, "texture": "#9"}
			}
		},
		{
			"from": [6.15, 7.75, 7.85],
			"to": [9.9, 10.75, 8],
			"rotation": {"angle": 0, "axis": "x", "origin": [15, 18, -1]},
			"faces": {
				"north": {"uv": [0, 0, 16, 16], "rotation": 180, "texture": "#5"},
				"east": {"uv": [0, 0, 3, 0.15], "rotation": 90, "texture": "#5"},
				"south": {"uv": [0, 0, 3.75, 3], "texture": "#missing"},
				"west": {"uv": [0, 0, 3, 0.15], "rotation": 270, "texture": "#5"},
				"up": {"uv": [0, 0, 3.75, 0.15], "texture": "#5"},
				"down": {"uv": [0, 0, 3.75, 0.15], "rotation": 180, "texture": "#5"}
			}
		}
	],
	"display": {
		"thirdperson_righthand": {
			"rotation": [44, 0, 0],
			"translation": [0, 3, 2.25],
			"scale": [0.60938, 0.4082, 0.6543]
		}
	}
}