{
	"credit": "Made with Blockbench",
	"textures": {
		"3": "blocks/lnv",
		"4": "blocks/desac",
		"9": "blocks/pad",
		"particle": "Texture/button"
	},
	"elements": [
		{
			"from": [5, 0, 5],
			"to": [11, 0.5, 11],
			"rotation": {"angle": 0, "axis": "y", "origin": [15, 8, 15]},
			"faces": {
				"north": {"uv": [0, 0, 3, 1.5], "texture": "#9"},
				"east": {"uv": [0, 0, 2, 1], "texture": "#9"},
				"south": {"uv": [0, 0, 2, 1], "texture": "#9"},
				"west": {"uv": [0, 0, 2, 1], "texture": "#9"},
				"up": {"uv": [0, 0, 2, 2], "texture": "#9"},
				"down": {"uv": [0, 0, 2, 2], "texture": "#9"}
			}
		},
		{
			"from": [7.5, 0, 8.5],
			"to": [8.5, 4, 9.5],
			"rotation": {"angle": -22.5, "axis": "x", "origin": [8, 0, 9]},
			"faces": {
				"north": {"uv": [0, 0, 1, 4], "texture": "#9"},
				"east": {"uv": [0, 0, 1, 4], "texture": "#9"},
				"south": {"uv": [0, 0, 1, 4], "texture": "#9"},
				"west": {"uv": [0, 0, 1, 4], "texture": "#9"},
				"up": {"uv": [0, 0, 1, 1], "texture": "#9"},
				"down": {"uv": [0, 0, 1, 1], "texture": "#9"}
			}
		},
		{
			"from": [6, 3.5, 5],
			"to": [10, 4, 10],
			"rotation": {"angle": 0, "axis": "y", "origin": [8, 3.5, 7.5]},
			"faces": {
				"north": {"uv": [0, 0, 4, 0.5], "texture": "#9"},
				"east": {"uv": [0, 0, 5, 0.5], "texture": "#9"},
				"south": {"uv": [0, 0, 4, 0.5], "texture": "#9"},
				"west": {"uv": [0, 0, 5, 0.5], "texture": "#9"},
				"up": {"uv": [0, 0, 4, 5], "texture": "#9"},
				"down": {"uv": [0, 0, 4, 5], "texture": "#9"}
			}
		},
		{
			"from": [6, 4, 5],
			"to": [10, 4.25, 5.25],
			"rotation": {"angle": 0, "axis": "y", "origin": [15, 12, 13]},
			"faces": {
				"north": {"uv": [0, 0, 4, 0.25], "texture": "#9"},
				"east": {"uv": [0, 0, 0.25, 0.25], "texture": "#9"},
				"south": {"uv": [0, 0, 4, 0.25], "texture": "#9"},
				"west": {"uv": [0, 0, 0.25, 0.25], "texture": "#9"},
				"up": {"uv": [0, 0, 4, 0.25], "texture": "#9"},
				"down": {"uv": [0, 0, 4, 0.25], "texture": "#missing"}
			}
		},
		{
			"from": [6, 4, 5.25],
			"to": [10, 4.15, 5.5],
			"rotation": {"angle": 0, "axis": "y", "origin": [15, 12, 14]},
			"faces": {
				"north": {"uv": [0, 0, 4, 0.15], "texture": "#missing"},
				"east": {"uv": [0, 0, 0.25, 0.15], "texture": "#4"},
				"south": {"uv": [0, 0, 4, 0.15], "texture": "#missing"},
				"west": {"uv": [0, 0, 0.25, 0.15], "texture": "#4"},
				"up": {"uv": [0, 0, 4, 0.25], "texture": "#4"},
				"down": {"uv": [0, 0, 4, 0.25], "texture": "#missing"}
			}
		},
		{
			"from": [6, 4, 5.5],
			"to": [10, 4.25, 6.15],
			"rotation": {"angle": 0, "axis": "y", "origin": [15, 13, 14]},
			"faces": {
				"north": {"uv": [0, 0, 4, 0.25], "texture": "#9"},
				"east": {"uv": [0, 0, 0.65, 0.25], "texture": "#9"},
				"south": {"uv": [0, 0, 4, 0.25], "texture": "#9"},
				"west": {"uv": [0, 0, 0.65, 0.25], "texture": "#9"},
				"up": {"uv": [0, 0, 4, 0.65], "texture": "#9"},
				"down": {"uv": [0, 0, 4, 0.65], "texture": "#missing"}
			}
		},
		{
			"from": [6.1, 4, 7],
			"to": [9.85, 4.15, 9.75],
			"rotation": {"angle": 0, "axis": "y", "origin": [1, 13, 0]},
			"faces": {
				"north": {"uv": [0, 0, 0.25, 0.15], "texture": "#3"},
				"east": {"uv": [0, 0, 0.25, 0.15], "texture": "#3"},
				"south": {"uv": [0, 0, 0.25, 0.15], "texture": "#3"},
				"west": {"uv": [0, 0, 0.25, 0.15], "texture": "#3"},
				"up": {"uv": [0, 0, 16, 16], "rotation": 180, "texture": "#3"},
				"down": {"uv": [0, 0, 3.75, 3], "rotation": 180, "texture": "#missing"}
			}
		}
	],
	"display": {
		"thirdperson_righthand": {
			"rotation": [44, 0, 0],
			"translation": [0, 3, 2.25],
			"scale": [0.60938, 0.4082, 0.6543]
		}
	}
}