{
	"credit": "Made with Blockbench",
	"textures": {
		"0": "blocks/hardened_clay_stained_red",
		"2": "blocks/hardened_clay_stained_cyan",
		"3": "blocks/hardened_clay_stained_white",
		"particle": "blocks/hardened_clay_stained_red"
	},
	"elements": [
		{
			"from": [7, 8, 15],
			"to": [9, 9.05, 16],
			"rotation": {"angle": 0, "axis": "x", "origin": [8, 8.54152, 16.04641]},
			"faces": {
				"north": {"uv": [0, 0, 2, 1.05], "rotation": 180, "texture": "#3"},
				"east": {"uv": [0, 0, 1.05, 1], "rotation": 270, "texture": "#missing"},
				"south": {"uv": [0, 0, 2, 1.05], "texture": "#3"},
				"west": {"uv": [0, 0, 1.05, 1], "rotation": 90, "texture": "#missing"},
				"up": {"uv": [0, 0, 2, 1], "rotation": 180, "texture": "#missing"},
				"down": {"uv": [0, 0, 2, 1], "texture": "#missing"}
			}
		},
		{
			"from": [7, 4.04152, 14.85],
			"to": [9, 8.04152, 16],
			"rotation": {"angle": 0, "axis": "x", "origin": [8.00523, 6.79397, 14.75245]},
			"faces": {
				"north": {"uv": [0, 0, 2, 4], "rotation": 180, "texture": "#2"},
				"east": {"uv": [0, 0, 4, 1.15], "rotation": 90, "texture": "#2"},
				"south": {"uv": [0, 0, 2, 4], "texture": "#2"},
				"west": {"uv": [0, 0, 4, 1.15], "rotation": 270, "texture": "#2"},
				"up": {"uv": [0, 0, 2, 1.15], "texture": "#2"},
				"down": {"uv": [0, 0, 2, 1.15], "rotation": 180, "texture": "#2"}
			}
		},
		{
			"from": [9, 4.04152, 14.85],
			"to": [10, 10.04152, 16],
			"rotation": {"angle": 0, "axis": "x", "origin": [8.00523, 6.79397, 14.75245]},
			"faces": {
				"north": {"uv": [0, 0, 1, 6], "rotation": 180, "texture": "#2"},
				"east": {"uv": [0, 0, 6, 1.15], "rotation": 90, "texture": "#2"},
				"south": {"uv": [0, 0, 1, 6], "texture": "#2"},
				"west": {"uv": [0, 0, 6, 1.15], "rotation": 270, "texture": "#2"},
				"up": {"uv": [0, 0, 1, 1.15], "texture": "#2"},
				"down": {"uv": [0, 0, 1, 1.15], "rotation": 180, "texture": "#2"}
			}
		},
		{
			"from": [6, 4.04152, 14.85],
			"to": [7, 10.04152, 16],
			"rotation": {"angle": 0, "axis": "x", "origin": [8.00523, 6.79397, 14.75245]},
			"faces": {
				"north": {"uv": [0, 0, 1, 6], "rotation": 180, "texture": "#2"},
				"east": {"uv": [0, 0, 6, 1.15], "rotation": 90, "texture": "#2"},
				"south": {"uv": [0, 0, 1, 6], "texture": "#2"},
				"west": {"uv": [0, 0, 6, 1.15], "rotation": 270, "texture": "#2"},
				"up": {"uv": [0, 0, 1, 1.15], "texture": "#2"},
				"down": {"uv": [0, 0, 1, 1.15], "rotation": 180, "texture": "#2"}
			}
		},
		{
			"from": [7, 9.04152, 14.85],
			"to": [9, 10.04152, 16],
			"rotation": {"angle": 0, "axis": "x", "origin": [8.00523, 6.79397, 14.75245]},
			"faces": {
				"north": {"uv": [0, 0, 2, 1], "rotation": 180, "texture": "#2"},
				"east": {"uv": [0, 0, 1, 1.15], "rotation": 90, "texture": "#2"},
				"south": {"uv": [0, 0, 2, 1], "texture": "#2"},
				"west": {"uv": [0, 0, 1, 1.15], "rotation": 270, "texture": "#2"},
				"up": {"uv": [0, 0, 2, 1.15], "texture": "#2"},
				"down": {"uv": [0, 0, 2, 1.15], "rotation": 180, "texture": "#2"}
			}
		},
		{
			"from": [10, 4.04152, 15.25],
			"to": [10.5, 10.04152, 16],
			"rotation": {"angle": 0, "axis": "x", "origin": [8.00523, 6.79397, 14.75245]},
			"faces": {
				"north": {"uv": [0, 0, 0.5, 6], "rotation": 180, "texture": "#2"},
				"east": {"uv": [0, 0, 6, 0.75], "rotation": 90, "texture": "#2"},
				"south": {"uv": [0, 0, 0.5, 6], "texture": "#2"},
				"west": {"uv": [0, 0, 6, 0.75], "rotation": 270, "texture": "#2"},
				"up": {"uv": [0, 0, 0.5, 0.75], "texture": "#2"},
				"down": {"uv": [0, 0, 0.5, 0.75], "rotation": 180, "texture": "#2"}
			}
		},
		{
			"from": [5.5, 4.04152, 15.25],
			"to": [6, 10.04152, 16],
			"rotation": {"angle": 0, "axis": "x", "origin": [8.00523, 6.79397, 14.75245]},
			"faces": {
				"north": {"uv": [0, 0, 0.5, 6], "rotation": 180, "texture": "#2"},
				"east": {"uv": [0, 0, 6, 0.75], "rotation": 90, "texture": "#2"},
				"south": {"uv": [0, 0, 0.5, 6], "texture": "#2"},
				"west": {"uv": [0, 0, 6, 0.75], "rotation": 270, "texture": "#2"},
				"up": {"uv": [0, 0, 0.5, 0.75], "texture": "#2"},
				"down": {"uv": [0, 0, 0.5, 0.75], "rotation": 180, "texture": "#2"}
			}
		},
		{
			"from": [6, 3.54152, 15.25],
			"to": [10, 4.04152, 16],
			"rotation": {"angle": 0, "axis": "x", "origin": [8.00523, 6.79397, 14.75245]},
			"faces": {
				"north": {"uv": [0, 0, 0.5, 4], "rotation": 270, "texture": "#2"},
				"east": {"uv": [0, 0, 0.5, 0.75], "rotation": 90, "texture": "#2"},
				"south": {"uv": [0, 0, 0.5, 4], "rotation": 270, "texture": "#2"},
				"west": {"uv": [0, 0, 0.5, 0.75], "rotation": 270, "texture": "#2"},
				"up": {"uv": [0, 0, 4, 0.75], "texture": "#2"},
				"down": {"uv": [0, 0, 4, 0.75], "rotation": 180, "texture": "#2"}
			}
		},
		{
			"from": [6, 10.04152, 15.25],
			"to": [10, 10.54152, 16],
			"rotation": {"angle": 0, "axis": "x", "origin": [8.00523, 6.79397, 14.75245]},
			"faces": {
				"north": {"uv": [0, 0, 0.5, 4], "rotation": 270, "texture": "#2"},
				"east": {"uv": [0, 0, 0.5, 0.75], "rotation": 90, "texture": "#2"},
				"south": {"uv": [0, 0, 0.5, 4], "rotation": 270, "texture": "#2"},
				"west": {"uv": [0, 0, 0.5, 0.75], "rotation": 270, "texture": "#2"},
				"up": {"uv": [0, 0, 4, 0.75], "texture": "#2"},
				"down": {"uv": [0, 0, 4, 0.75], "rotation": 180, "texture": "#2"}
			}
		},
		{
			"from": [5.46, 9.14, 15],
			"to": [6.16, 9.84, 15.25],
			"rotation": {"angle": 45, "axis": "z", "origin": [5.49095, 10.1, 14.4059]},
			"faces": {
				"north": {"uv": [0, 0, 0.7, 0.7], "texture": "#2"},
				"east": {"uv": [0, 0, 0.25, 0.7], "texture": "#2"},
				"south": {"uv": [0, 0, 0.7, 0.7], "texture": "#2"},
				"west": {"uv": [0, 0, 0.25, 0.7], "texture": "#2"},
				"up": {"uv": [0, 0, 0.7, 0.25], "texture": "#2"},
				"down": {"uv": [0, 0, 0.7, 0.25], "texture": "#2"}
			}
		},
		{
			"from": [9.25, 9.35, 15],
			"to": [9.95, 10.05, 15.25],
			"rotation": {"angle": 45, "axis": "z", "origin": [9.49095, 10.1, 14.4059]},
			"faces": {
				"north": {"uv": [0, 0, 0.7, 0.7], "texture": "#2"},
				"east": {"uv": [0, 0, 0.25, 0.7], "texture": "#2"},
				"south": {"uv": [0, 0, 0.7, 0.7], "texture": "#missing"},
				"west": {"uv": [0, 0, 0.25, 0.7], "texture": "#2"},
				"up": {"uv": [0, 0, 0.7, 0.25], "texture": "#missing"},
				"down": {"uv": [0, 0, 0.7, 0.25], "texture": "#2"}
			}
		},
		{
			"from": [9.46, 3.56, 15],
			"to": [10.16, 4.26, 15.25],
			"rotation": {"angle": 45, "axis": "z", "origin": [9.49095, 4.1, 14.4059]},
			"faces": {
				"north": {"uv": [0, 0, 0.7, 0.7], "texture": "#2"},
				"east": {"uv": [0, 0, 0.25, 0.7], "texture": "#2"},
				"south": {"uv": [0, 0, 0.7, 0.7], "texture": "#missing"},
				"west": {"uv": [0, 0, 0.25, 0.7], "texture": "#2"},
				"up": {"uv": [0, 0, 0.7, 0.25], "texture": "#missing"},
				"down": {"uv": [0, 0, 0.7, 0.25], "texture": "#2"}
			}
		},
		{
			"from": [5.67, 3.35, 15],
			"to": [6.37, 4.05, 15.25],
			"rotation": {"angle": 45, "axis": "z", "origin": [5.49095, 4.1, 14.4059]},
			"faces": {
				"north": {"uv": [0, 0, 0.7, 0.7], "texture": "#2"},
				"east": {"uv": [0, 0, 0.25, 0.7], "texture": "#2"},
				"south": {"uv": [0, 0, 0.7, 0.7], "texture": "#missing"},
				"west": {"uv": [0, 0, 0.25, 0.7], "texture": "#2"},
				"up": {"uv": [0, 0, 0.7, 0.25], "texture": "#missing"},
				"down": {"uv": [0, 0, 0.7, 0.25], "texture": "#2"}
			}
		},
		{
			"from": [10.335, 4.58498, 15.25],
			"to": [11.085, 5.28498, 16],
			"rotation": {"angle": -45, "axis": "z", "origin": [9.29095, 5.375, 15.6309]},
			"faces": {
				"north": {"uv": [0, 0, 0.7, 0.75], "rotation": 90, "texture": "#2"},
				"east": {"uv": [0, 0, 0.7, 0.75], "rotation": 270, "texture": "#2"},
				"south": {"uv": [0, 0, 0.7, 0.75], "rotation": 270, "texture": "#2"},
				"west": {"uv": [0, 0, 0.7, 0.75], "rotation": 270, "texture": "#2"},
				"up": {"uv": [0, 0, 0.75, 0.75], "rotation": 270, "texture": "#2"},
				"down": {"uv": [0, 0, 0.75, 0.75], "rotation": 270, "texture": "#2"}
			}
		},
		{
			"from": [6.335, 4.585, 15.25],
			"to": [7.085, 5.285, 16],
			"rotation": {"angle": -45, "axis": "z", "origin": [5.29095, 5.375, 15.6309]},
			"faces": {
				"north": {"uv": [0, 0, 0.7, 0.75], "rotation": 90, "texture": "#2"},
				"east": {"uv": [0, 0, 0.7, 0.75], "rotation": 270, "texture": "#2"},
				"south": {"uv": [0, 0, 0.7, 0.75], "rotation": 270, "texture": "#2"},
				"west": {"uv": [0, 0, 0.7, 0.75], "rotation": 270, "texture": "#2"},
				"up": {"uv": [0, 0, 0.75, 0.75], "rotation": 270, "texture": "#2"},
				"down": {"uv": [0, 0, 0.75, 0.75], "rotation": 270, "texture": "#2"}
			}
		},
		{
			"from": [10.335, 10.58498, 15.25],
			"to": [11.085, 11.28498, 16],
			"rotation": {"angle": -45, "axis": "z", "origin": [9.29095, 11.375, 15.6309]},
			"faces": {
				"north": {"uv": [0, 0, 0.7, 0.75], "rotation": 90, "texture": "#2"},
				"east": {"uv": [0, 0, 0.7, 0.75], "rotation": 270, "texture": "#2"},
				"south": {"uv": [0, 0, 0.7, 0.75], "rotation": 270, "texture": "#2"},
				"west": {"uv": [0, 0, 0.7, 0.75], "rotation": 270, "texture": "#2"},
				"up": {"uv": [0, 0, 0.75, 0.75], "rotation": 270, "texture": "#2"},
				"down": {"uv": [0, 0, 0.75, 0.75], "rotation": 270, "texture": "#2"}
			}
		},
		{
			"from": [6.378, 10.58498, 15.25],
			"to": [7.128, 11.28498, 16],
			"rotation": {"angle": -45, "axis": "z", "origin": [5.29095, 11.375, 15.6309]},
			"faces": {
				"north": {"uv": [0, 0, 0.7, 0.75], "rotation": 90, "texture": "#2"},
				"east": {"uv": [0, 0, 0.7, 0.75], "rotation": 270, "texture": "#2"},
				"south": {"uv": [0, 0, 0.7, 0.75], "rotation": 270, "texture": "#2"},
				"west": {"uv": [0, 0, 0.7, 0.75], "rotation": 270, "texture": "#2"},
				"up": {"uv": [0, 0, 0.75, 0.75], "rotation": 270, "texture": "#2"},
				"down": {"uv": [0, 0, 0.75, 0.75], "rotation": 270, "texture": "#2"}
			}
		},
		{
			"from": [6.15, 3.69152, 15],
			"to": [9.85, 4.14152, 15.25],
			"rotation": {"angle": 0, "axis": "x", "origin": [8.00523, 6.79397, 14.75245]},
			"faces": {
				"north": {"uv": [0, 0, 3.7, 0.45], "rotation": 180, "texture": "#2"},
				"east": {"uv": [0, 0, 0.45, 0.25], "rotation": 90, "texture": "#2"},
				"south": {"uv": [0, 0, 3.7, 0.45], "texture": "#2"},
				"west": {"uv": [0, 0, 0.45, 0.25], "rotation": 270, "texture": "#2"},
				"up": {"uv": [0, 0, 3.7, 0.25], "texture": "#2"},
				"down": {"uv": [0, 0, 3.7, 0.25], "rotation": 180, "texture": "#2"}
			}
		},
		{
			"from": [7.7, 6.61667, 14.6],
			"to": [8.4, 7.11667, 14.85],
			"rotation": {"angle": 0, "axis": "x", "origin": [8.03333, 6.275, 14.45833]},
			"faces": {
				"north": {"uv": [0, 0, 0.7, 0.5], "rotation": 180, "texture": "#0"},
				"east": {"uv": [0, 0, 0.5, 0.25], "rotation": 90, "texture": "#0"},
				"south": {"uv": [0, 0, 0.7, 0.5], "texture": "#0"},
				"west": {"uv": [0, 0, 0.5, 0.25], "rotation": 270, "texture": "#0"},
				"up": {"uv": [0, 0, 0.7, 0.25], "texture": "#0"},
				"down": {"uv": [0, 0, 0.7, 0.25], "rotation": 180, "texture": "#0"}
			}
		},
		{
			"from": [7.76, 6.36, 14.6],
			"to": [8.46, 7.06, 14.85],
			"rotation": {"angle": 45, "axis": "z", "origin": [8.35958, 7.01428, 14.125]},
			"faces": {
				"north": {"uv": [0, 0, 0.7, 0.7], "texture": "#0"},
				"east": {"uv": [0, 0, 0.25, 0.7], "texture": "#0"},
				"south": {"uv": [0, 0, 0.7, 0.7], "texture": "#0"},
				"west": {"uv": [0, 0, 0.25, 0.7], "texture": "#0"},
				"up": {"uv": [0, 0, 0.7, 0.25], "texture": "#0"},
				"down": {"uv": [0, 0, 0.7, 0.25], "texture": "#0"}
			}
		},
		{
			"from": [6.93, 6.23, 14.6],
			"to": [7.67, 6.88, 14.85],
			"rotation": {"angle": 45, "axis": "z", "origin": [7.35958, 7.01428, 14.125]},
			"faces": {
				"north": {"uv": [0, 0, 0.74, 0.65], "texture": "#0"},
				"east": {"uv": [0, 0, 0.25, 0.65], "texture": "#0"},
				"south": {"uv": [0, 0, 0.74, 0.65], "texture": "#missing"},
				"west": {"uv": [0, 0, 0.25, 0.65], "texture": "#0"},
				"up": {"uv": [0, 0, 0.74, 0.25], "texture": "#0"},
				"down": {"uv": [0, 0, 0.74, 0.25], "texture": "#0"}
			}
		},
		{
			"from": [8, 5.6, 14.6],
			"to": [8.7, 6.3, 14.85],
			"rotation": {"angle": 45, "axis": "z", "origin": [8.35958, 6.01428, 14.125]},
			"faces": {
				"north": {"uv": [0, 0, 0.7, 0.7], "texture": "#0"},
				"east": {"uv": [0, 0, 0.25, 0.7], "texture": "#0"},
				"south": {"uv": [0, 0, 0.7, 0.7], "texture": "#missing"},
				"west": {"uv": [0, 0, 0.25, 0.7], "texture": "#0"},
				"up": {"uv": [0, 0, 0.7, 0.25], "texture": "#0"},
				"down": {"uv": [0, 0, 0.7, 0.25], "texture": "#0"}
			}
		},
		{
			"from": [7.14, 5.39, 14.6],
			"to": [7.84, 6.09, 14.85],
			"rotation": {"angle": 45, "axis": "z", "origin": [7.35958, 6.01428, 14.125]},
			"faces": {
				"north": {"uv": [0, 0, 0.7, 0.7], "texture": "#0"},
				"east": {"uv": [0, 0, 0.25, 0.7], "texture": "#0"},
				"south": {"uv": [0, 0, 0.7, 0.7], "texture": "#missing"},
				"west": {"uv": [0, 0, 0.25, 0.7], "texture": "#0"},
				"up": {"uv": [0, 0, 0.7, 0.25], "texture": "#0"},
				"down": {"uv": [0, 0, 0.7, 0.25], "texture": "#0"}
			}
		},
		{
			"from": [7.15, 5.91667, 14.6],
			"to": [8.85, 6.61667, 14.85],
			"rotation": {"angle": 0, "axis": "x", "origin": [8.03333, 6.275, 14.45833]},
			"faces": {
				"north": {"uv": [0, 0, 0.7, 1.7], "rotation": 90, "texture": "#0"},
				"east": {"uv": [0, 0, 0.7, 0.25], "rotation": 90, "texture": "#0"},
				"south": {"uv": [0, 0, 0.7, 1.7], "rotation": 90, "texture": "#0"},
				"west": {"uv": [0, 0, 0.7, 0.25], "rotation": 270, "texture": "#0"},
				"up": {"uv": [0, 0, 1.7, 0.25], "texture": "#0"},
				"down": {"uv": [0, 0, 1.7, 0.25], "rotation": 180, "texture": "#0"}
			}
		},
		{
			"from": [7.7, 5.46667, 14.6],
			"to": [8.4, 5.91667, 14.85],
			"rotation": {"angle": 0, "axis": "x", "origin": [8.03333, 6.275, 14.45833]},
			"faces": {
				"north": {"uv": [0, 0, 0.7, 0.45], "rotation": 180, "texture": "#0"},
				"east": {"uv": [0, 0, 0.45, 0.25], "rotation": 90, "texture": "#0"},
				"south": {"uv": [0, 0, 0.7, 0.45], "texture": "#0"},
				"west": {"uv": [0, 0, 0.45, 0.25], "rotation": 270, "texture": "#0"},
				"up": {"uv": [0, 0, 0.7, 0.25], "texture": "#0"},
				"down": {"uv": [0, 0, 0.7, 0.25], "rotation": 180, "texture": "#0"}
			}
		},
		{
			"from": [6.15, 9.94152, 15],
			"to": [9.85, 10.39152, 15.25],
			"rotation": {"angle": 0, "axis": "x", "origin": [8.00523, 6.79397, 14.75245]},
			"faces": {
				"north": {"uv": [0, 0, 3.7, 0.45], "rotation": 180, "texture": "#2"},
				"east": {"uv": [0, 0, 0.45, 0.25], "rotation": 90, "texture": "#2"},
				"south": {"uv": [0, 0, 3.7, 0.45], "texture": "#2"},
				"west": {"uv": [0, 0, 0.45, 0.25], "rotation": 270, "texture": "#2"},
				"up": {"uv": [0, 0, 3.7, 0.25], "texture": "#2"},
				"down": {"uv": [0, 0, 3.7, 0.25], "rotation": 180, "texture": "#2"}
			}
		},
		{
			"from": [5.65, 4.19152, 15],
			"to": [6.1, 9.89152, 15.25],
			"rotation": {"angle": 0, "axis": "x", "origin": [8.00523, 6.79397, 14.75245]},
			"faces": {
				"north": {"uv": [0, 0, 5.7, 0.45], "rotation": 90, "texture": "#2"},
				"east": {"uv": [0, 0, 5.7, 0.25], "rotation": 90, "texture": "#2"},
				"south": {"uv": [0, 0, 5.7, 0.45], "rotation": 90, "texture": "#2"},
				"west": {"uv": [0, 0, 5.7, 0.25], "rotation": 270, "texture": "#2"},
				"up": {"uv": [0, 0, 0.45, 0.25], "texture": "#2"},
				"down": {"uv": [0, 0, 0.45, 0.25], "rotation": 180, "texture": "#2"}
			}
		},
		{
			"from": [9.9, 4.19152, 15],
			"to": [10.35, 9.89152, 15.25],
			"rotation": {"angle": 0, "axis": "x", "origin": [8.00523, 6.79397, 14.75245]},
			"faces": {
				"north": {"uv": [0, 0, 5.7, 0.45], "rotation": 90, "texture": "#2"},
				"east": {"uv": [0, 0, 5.7, 0.25], "rotation": 90, "texture": "#2"},
				"south": {"uv": [0, 0, 5.7, 0.45], "rotation": 90, "texture": "#2"},
				"west": {"uv": [0, 0, 5.7, 0.25], "rotation": 270, "texture": "#2"},
				"up": {"uv": [0, 0, 0.45, 0.25], "texture": "#2"},
				"down": {"uv": [0, 0, 0.45, 0.25], "rotation": 180, "texture": "#2"}
			}
		},
		{
			"from": [7.15, 7.59152, 14.8],
			"to": [8.85, 7.74152, 14.9],
			"rotation": {"angle": 0, "axis": "x", "origin": [8.00523, 6.79397, 14.75245]},
			"faces": {
				"north": {"uv": [0, 0, 1.7, 0.15], "rotation": 180, "texture": "#0"},
				"east": {"uv": [0, 0, 0.15, 0.1], "rotation": 90, "texture": "#0"},
				"south": {"uv": [0, 0, 1.7, 0.15], "texture": "#0"},
				"west": {"uv": [0, 0, 0.15, 0.1], "rotation": 270, "texture": "#0"},
				"up": {"uv": [0, 0, 1.7, 0.1], "texture": "#0"},
				"down": {"uv": [0, 0, 1.7, 0.1], "rotation": 180, "texture": "#0"}
			}
		}
	]
}