{
	"credit": "Made with Blockbench",
	"textures": {
		"0": "blocks/hardened_clay_stained_red",
		"2": "blocks/hardened_clay_stained_cyan",
		"3": "blocks/hardened_clay_stained_white",
		"particle": "blocks/hardened_clay_stained_red"
	},
	"elements": [
		{
			"from": [7, 0, 9],
			"to": [9, 1, 10],
			"rotation": {"angle": 0, "axis": "y", "origin": [15, 8, 17]},
			"faces": {
				"north": {"uv": [0, 0, 2, 1], "texture": "#missing"},
				"east": {"uv": [0, 0, 1, 1], "texture": "#missing"},
				"south": {"uv": [0, 0, 2, 1], "texture": "#missing"},
				"west": {"uv": [0, 0, 1, 1], "texture": "#missing"},
				"up": {"uv": [0, 0, 2, 1], "texture": "#3"},
				"down": {"uv": [0, 0, 2, 1], "texture": "#3"}
			}
		},
		{
			"from": [7, 0, 5],
			"to": [9, 1.15, 9],
			"rotation": {"angle": 0, "axis": "y", "origin": [15, 8, 16]},
			"faces": {
				"north": {"uv": [0, 0, 2, 1.15], "texture": "#2"},
				"east": {"uv": [0, 0, 4, 1.15], "texture": "#2"},
				"south": {"uv": [0, 0, 2, 1.15], "texture": "#2"},
				"west": {"uv": [0, 0, 4, 1.15], "texture": "#2"},
				"up": {"uv": [0, 0, 2, 4], "texture": "#2"},
				"down": {"uv": [0, 0, 2, 4], "texture": "#2"}
			}
		},
		{
			"from": [9, 0, 5],
			"to": [10, 1.15, 11],
			"rotation": {"angle": 0, "axis": "y", "origin": [17, 8, 16]},
			"faces": {
				"north": {"uv": [0, 0, 1, 1.15], "texture": "#2"},
				"east": {"uv": [0, 0, 6, 1.15], "texture": "#2"},
				"south": {"uv": [0, 0, 1, 1.15], "texture": "#2"},
				"west": {"uv": [0, 0, 6, 1.15], "texture": "#2"},
				"up": {"uv": [0, 0, 1, 6], "texture": "#2"},
				"down": {"uv": [0, 0, 1, 6], "texture": "#2"}
			}
		},
		{
			"from": [6, 0, 5],
			"to": [7, 1.15, 11],
			"rotation": {"angle": 0, "axis": "y", "origin": [14, 8, 16]},
			"faces": {
				"north": {"uv": [0, 0, 1, 1.15], "texture": "#2"},
				"east": {"uv": [0, 0, 6, 1.15], "texture": "#2"},
				"south": {"uv": [0, 0, 1, 1.15], "texture": "#2"},
				"west": {"uv": [0, 0, 6, 1.15], "texture": "#2"},
				"up": {"uv": [0, 0, 1, 6], "texture": "#2"},
				"down": {"uv": [0, 0, 1, 6], "texture": "#2"}
			}
		},
		{
			"from": [7, 0, 10],
			"to": [9, 1.15, 11],
			"rotation": {"angle": 0, "axis": "y", "origin": [15, 8, 21]},
			"faces": {
				"north": {"uv": [0, 0, 2, 1.15], "texture": "#2"},
				"east": {"uv": [0, 0, 1, 1.15], "texture": "#2"},
				"south": {"uv": [0, 0, 2, 1.15], "texture": "#2"},
				"west": {"uv": [0, 0, 1, 1.15], "texture": "#2"},
				"up": {"uv": [0, 0, 2, 1], "texture": "#2"},
				"down": {"uv": [0, 0, 2, 1], "texture": "#2"}
			}
		},
		{
			"from": [10, 0, 5],
			"to": [10.5, 0.75, 11],
			"rotation": {"angle": 0, "axis": "y", "origin": [18, 8, 13]},
			"faces": {
				"north": {"uv": [0, 0, 0.5, 0.75], "texture": "#2"},
				"east": {"uv": [0, 0, 6, 0.75], "texture": "#2"},
				"south": {"uv": [0, 0, 0.5, 0.75], "texture": "#2"},
				"west": {"uv": [0, 0, 6, 0.75], "texture": "#2"},
				"up": {"uv": [0, 0, 0.5, 6], "texture": "#2"},
				"down": {"uv": [0, 0, 0.5, 6], "texture": "#2"}
			}
		},
		{
			"from": [5.5, 0, 5],
			"to": [6, 0.75, 11],
			"rotation": {"angle": 0, "axis": "y", "origin": [13, 8, 13]},
			"faces": {
				"north": {"uv": [0, 0, 0.5, 0.75], "texture": "#2"},
				"east": {"uv": [0, 0, 6, 0.75], "texture": "#2"},
				"south": {"uv": [0, 0, 0.5, 0.75], "texture": "#2"},
				"west": {"uv": [0, 0, 6, 0.75], "texture": "#2"},
				"up": {"uv": [0, 0, 0.5, 6], "texture": "#2"},
				"down": {"uv": [0, 0, 0.5, 6], "texture": "#2"}
			}
		},
		{
			"from": [6, 0, 4.5],
			"to": [10, 0.75, 5],
			"rotation": {"angle": 0, "axis": "y", "origin": [3, 8, 12]},
			"faces": {
				"north": {"uv": [0, 0, 4, 0.75], "texture": "#2"},
				"east": {"uv": [0, 0, 0.5, 0.75], "texture": "#2"},
				"south": {"uv": [0, 0, 4, 0.75], "texture": "#2"},
				"west": {"uv": [0, 0, 0.5, 0.75], "texture": "#2"},
				"up": {"uv": [0, 0, 0.5, 4], "rotation": 90, "texture": "#2"},
				"down": {"uv": [0, 0, 0.5, 4], "rotation": 270, "texture": "#2"}
			}
		},
		{
			"from": [6, 0, 11],
			"to": [10, 0.75, 11.5],
			"rotation": {"angle": 0, "axis": "y", "origin": [3, 8, 19]},
			"faces": {
				"north": {"uv": [0, 0, 4, 0.75], "texture": "#2"},
				"east": {"uv": [0, 0, 0.5, 0.75], "texture": "#2"},
				"south": {"uv": [0, 0, 4, 0.75], "texture": "#2"},
				"west": {"uv": [0, 0, 0.5, 0.75], "texture": "#2"},
				"up": {"uv": [0, 0, 0.5, 4], "rotation": 90, "texture": "#2"},
				"down": {"uv": [0, 0, 0.5, 4], "rotation": 270, "texture": "#2"}
			}
		},
		{
			"from": [5.65, 0, 4.65],
			"to": [6.35, 0.75, 5.3],
			"rotation": {"angle": 45, "axis": "y", "origin": [6, 0.5, 5]},
			"faces": {
				"north": {"uv": [0, 0, 0.7, 0.75], "texture": "#2"},
				"east": {"uv": [0, 0, 0.65, 0.75], "texture": "#2"},
				"south": {"uv": [0, 0, 0.7, 0.75], "texture": "#2"},
				"west": {"uv": [0, 0, 0.65, 0.75], "texture": "#2"},
				"up": {"uv": [0, 0, 0.7, 0.65], "texture": "#2"},
				"down": {"uv": [0, 0, 0.7, 0.65], "texture": "#2"}
			}
		},
		{
			"from": [9.65, 0, 4.65],
			"to": [10.35, 0.75, 5.35],
			"rotation": {"angle": 45, "axis": "y", "origin": [10, 0.5, 5]},
			"faces": {
				"north": {"uv": [0, 0, 0.7, 0.75], "texture": "#2"},
				"east": {"uv": [0, 0, 0.7, 0.75], "texture": "#2"},
				"south": {"uv": [0, 0, 0.7, 0.75], "texture": "#2"},
				"west": {"uv": [0, 0, 0.7, 0.75], "texture": "#2"},
				"up": {"uv": [0, 0, 0.7, 0.7], "texture": "#2"},
				"down": {"uv": [0, 0, 0.7, 0.7], "texture": "#2"}
			}
		},
		{
			"from": [9.65, 0.75, 10.45],
			"to": [10.35, 1, 11.15],
			"rotation": {"angle": 45, "axis": "y", "origin": [10, 1.5, 11]},
			"faces": {
				"north": {"uv": [0, 0, 0.7, 0.25], "texture": "#2"},
				"east": {"uv": [0, 0, 0.7, 0.25], "texture": "#2"},
				"south": {"uv": [0, 0, 0.7, 0.25], "texture": "#2"},
				"west": {"uv": [0, 0, 0.7, 0.25], "texture": "#2"},
				"up": {"uv": [0, 0, 0.7, 0.7], "texture": "#2"},
				"down": {"uv": [0, 0, 0.7, 0.7], "texture": "#2"}
			}
		},
		{
			"from": [5.85, 0.75, 10.65],
			"to": [6.55, 1, 11.35],
			"rotation": {"angle": 45, "axis": "y", "origin": [6, 1.5, 11]},
			"faces": {
				"north": {"uv": [0, 0, 0.7, 0.25], "texture": "#2"},
				"east": {"uv": [0, 0, 0.7, 0.25], "texture": "#2"},
				"south": {"uv": [0, 0, 0.7, 0.25], "texture": "#2"},
				"west": {"uv": [0, 0, 0.7, 0.25], "texture": "#2"},
				"up": {"uv": [0, 0, 0.7, 0.7], "texture": "#2"},
				"down": {"uv": [0, 0, 0.7, 0.7], "texture": "#2"}
			}
		},
		{
			"from": [5.65, 0.75, 4.85],
			"to": [6.35, 1, 5.5],
			"rotation": {"angle": 45, "axis": "y", "origin": [6, 1.5, 5]},
			"faces": {
				"north": {"uv": [0, 0, 0.7, 0.25], "texture": "#2"},
				"east": {"uv": [0, 0, 0.65, 0.25], "texture": "#2"},
				"south": {"uv": [0, 0, 0.7, 0.25], "texture": "#2"},
				"west": {"uv": [0, 0, 0.65, 0.25], "texture": "#2"},
				"up": {"uv": [0, 0, 0.7, 0.65], "texture": "#2"},
				"down": {"uv": [0, 0, 0.7, 0.65], "texture": "#2"}
			}
		},
		{
			"from": [9.45, 0.75, 4.65],
			"to": [10.15, 1, 5.35],
			"rotation": {"angle": 45, "axis": "y", "origin": [10, 1.5, 5]},
			"faces": {
				"north": {"uv": [0, 0, 0.7, 0.25], "texture": "#2"},
				"east": {"uv": [0, 0, 0.7, 0.25], "texture": "#2"},
				"south": {"uv": [0, 0, 0.7, 0.25], "texture": "#2"},
				"west": {"uv": [0, 0, 0.7, 0.25], "texture": "#2"},
				"up": {"uv": [0, 0, 0.7, 0.7], "texture": "#2"},
				"down": {"uv": [0, 0, 0.7, 0.7], "texture": "#2"}
			}
		},
		{
			"from": [5.65, 0, 10.65],
			"to": [6.35, 0.75, 11.35],
			"rotation": {"angle": 45, "axis": "y", "origin": [6, 0.5, 11]},
			"faces": {
				"north": {"uv": [0, 0, 0.7, 0.75], "texture": "#2"},
				"east": {"uv": [0, 0, 0.7, 0.75], "texture": "#2"},
				"south": {"uv": [0, 0, 0.7, 0.75], "texture": "#2"},
				"west": {"uv": [0, 0, 0.7, 0.75], "texture": "#2"},
				"up": {"uv": [0, 0, 0.7, 0.7], "texture": "#2"},
				"down": {"uv": [0, 0, 0.7, 0.7], "texture": "#2"}
			}
		},
		{
			"from": [9.65, 0, 10.65],
			"to": [10.35, 0.75, 11.35],
			"rotation": {"angle": 45, "axis": "y", "origin": [10, 0.5, 11]},
			"faces": {
				"north": {"uv": [0, 0, 0.7, 0.75], "texture": "#2"},
				"east": {"uv": [0, 0, 0.7, 0.75], "texture": "#2"},
				"south": {"uv": [0, 0, 0.7, 0.75], "texture": "#2"},
				"west": {"uv": [0, 0, 0.7, 0.75], "texture": "#2"},
				"up": {"uv": [0, 0, 0.7, 0.7], "texture": "#2"},
				"down": {"uv": [0, 0, 0.7, 0.7], "texture": "#2"}
			}
		},
		{
			"from": [6.15, 0.75, 4.65],
			"to": [9.85, 1, 5.1],
			"rotation": {"angle": 0, "axis": "y", "origin": [14, 8, 12]},
			"faces": {
				"north": {"uv": [0, 0, 3.7, 0.25], "texture": "#2"},
				"east": {"uv": [0, 0, 0.45, 0.25], "texture": "#2"},
				"south": {"uv": [0, 0, 3.7, 0.25], "texture": "#2"},
				"west": {"uv": [0, 0, 0.45, 0.25], "texture": "#2"},
				"up": {"uv": [0, 0, 3.7, 0.45], "texture": "#2"},
				"down": {"uv": [0, 0, 3.7, 0.45], "texture": "#2"}
			}
		},
		{
			"from": [8.35, 1.15, 6.08],
			"to": [9.05, 1.4, 6.78],
			"rotation": {"angle": 45, "axis": "y", "origin": [9, 1.5, 7]},
			"faces": {
				"north": {"uv": [0, 0, 0.7, 0.25], "texture": "#0"},
				"east": {"uv": [0, 0, 0.7, 0.25], "texture": "#0"},
				"south": {"uv": [0, 0, 0.7, 0.25], "texture": "#0"},
				"west": {"uv": [0, 0, 0.7, 0.25], "texture": "#0"},
				"up": {"uv": [0, 0, 0.7, 0.7], "texture": "#0"},
				"down": {"uv": [0, 0, 0.7, 0.7], "texture": "#0"}
			}
		},
		{
			"from": [7.7, 1.15, 6.8],
			"to": [8.4, 1.4, 7.3],
			"rotation": {"angle": 0, "axis": "y", "origin": [15, 8, 14]},
			"faces": {
				"north": {"uv": [0, 0, 0.7, 0.25], "texture": "#0"},
				"east": {"uv": [0, 0, 0.5, 0.25], "texture": "#0"},
				"south": {"uv": [0, 0, 0.7, 0.25], "texture": "#0"},
				"west": {"uv": [0, 0, 0.5, 0.25], "texture": "#0"},
				"up": {"uv": [0, 0, 0.7, 0.5], "texture": "#0"},
				"down": {"uv": [0, 0, 0.7, 0.5], "texture": "#0"}
			}
		},
		{
			"from": [8.08, 1.15, 8.97],
			"to": [8.78, 1.4, 9.7],
			"rotation": {"angle": 45, "axis": "y", "origin": [5, 1.5, 9]},
			"faces": {
				"north": {"uv": [0, 0, 0.7, 0.25], "texture": "#0"},
				"east": {"uv": [0, 0, 0.73, 0.25], "texture": "#0"},
				"south": {"uv": [0, 0, 0.7, 0.25], "texture": "#0"},
				"west": {"uv": [0, 0, 0.73, 0.25], "texture": "#0"},
				"up": {"uv": [0, 0, 0.7, 0.73], "texture": "#0"},
				"down": {"uv": [0, 0, 0.7, 0.73], "texture": "#0"}
			}
		},
		{
			"from": [8.12, 1.15, 5.3],
			"to": [8.82, 1.4, 6],
			"rotation": {"angle": 45, "axis": "y", "origin": [9, 1.5, 6]},
			"faces": {
				"north": {"uv": [0, 0, 0.7, 0.25], "texture": "#0"},
				"east": {"uv": [0, 0, 0.7, 0.25], "texture": "#0"},
				"south": {"uv": [0, 0, 0.7, 0.25], "texture": "#0"},
				"west": {"uv": [0, 0, 0.7, 0.25], "texture": "#0"},
				"up": {"uv": [0, 0, 0.7, 0.7], "texture": "#0"},
				"down": {"uv": [0, 0, 0.7, 0.7], "texture": "#0"}
			}
		},
		{
			"from": [7.87, 1.15, 8.18],
			"to": [8.57, 1.4, 8.91],
			"rotation": {"angle": 45, "axis": "y", "origin": [5, 1.5, 8]},
			"faces": {
				"north": {"uv": [0, 0, 0.7, 0.25], "texture": "#0"},
				"east": {"uv": [0, 0, 0.73, 0.25], "texture": "#0"},
				"south": {"uv": [0, 0, 0.7, 0.25], "texture": "#0"},
				"west": {"uv": [0, 0, 0.73, 0.25], "texture": "#0"},
				"up": {"uv": [0, 0, 0.7, 0.73], "texture": "#0"},
				"down": {"uv": [0, 0, 0.7, 0.73], "texture": "#0"}
			}
		},
		{
			"from": [7.15, 1.15, 6.1],
			"to": [8.85, 1.4, 6.8],
			"rotation": {"angle": 0, "axis": "y", "origin": [18, 8, 3]},
			"faces": {
				"north": {"uv": [0, 0, 1.7, 0.25], "texture": "#0"},
				"east": {"uv": [0, 0, 0.7, 0.25], "texture": "#0"},
				"south": {"uv": [0, 0, 1.7, 0.25], "texture": "#0"},
				"west": {"uv": [0, 0, 0.7, 0.25], "texture": "#0"},
				"up": {"uv": [0, 0, 0.7, 1.7], "rotation": 270, "texture": "#0"},
				"down": {"uv": [0, 0, 0.7, 1.7], "rotation": 90, "texture": "#0"}
			}
		},
		{
			"from": [7.7, 1.15, 5.65],
			"to": [8.4, 1.4, 6.1],
			"rotation": {"angle": 0, "axis": "y", "origin": [15, 8, 13]},
			"faces": {
				"north": {"uv": [0, 0, 0.7, 0.25], "texture": "#0"},
				"east": {"uv": [0, 0, 0.45, 0.25], "texture": "#0"},
				"south": {"uv": [0, 0, 0.7, 0.25], "texture": "#0"},
				"west": {"uv": [0, 0, 0.45, 0.25], "texture": "#0"},
				"up": {"uv": [0, 0, 0.7, 0.45], "texture": "#0"},
				"down": {"uv": [0, 0, 0.7, 0.45], "texture": "#0"}
			}
		},
		{
			"from": [6.15, 0.75, 10.9],
			"to": [9.85, 1, 11.35],
			"rotation": {"angle": 0, "axis": "y", "origin": [14, 8, 18]},
			"faces": {
				"north": {"uv": [0, 0, 3.7, 0.25], "texture": "#2"},
				"east": {"uv": [0, 0, 0.45, 0.25], "texture": "#2"},
				"south": {"uv": [0, 0, 3.7, 0.25], "texture": "#2"},
				"west": {"uv": [0, 0, 0.45, 0.25], "texture": "#2"},
				"up": {"uv": [0, 0, 3.7, 0.45], "texture": "#2"},
				"down": {"uv": [0, 0, 3.7, 0.45], "texture": "#2"}
			}
		},
		{
			"from": [5.65, 0.75, 5.15],
			"to": [6.1, 1, 10.85],
			"rotation": {"angle": 0, "axis": "y", "origin": [13, 8, 3]},
			"faces": {
				"north": {"uv": [0, 0, 0.45, 0.25], "texture": "#2"},
				"east": {"uv": [0, 0, 5.7, 0.25], "texture": "#2"},
				"south": {"uv": [0, 0, 0.45, 0.25], "texture": "#2"},
				"west": {"uv": [0, 0, 5.7, 0.25], "texture": "#2"},
				"up": {"uv": [0, 0, 5.7, 0.45], "rotation": 270, "texture": "#2"},
				"down": {"uv": [0, 0, 5.7, 0.45], "rotation": 90, "texture": "#2"}
			}
		},
		{
			"from": [9.9, 0.75, 5.15],
			"to": [10.35, 1, 10.85],
			"rotation": {"angle": 0, "axis": "y", "origin": [17, 8, 3]},
			"faces": {
				"north": {"uv": [0, 0, 0.45, 0.25], "texture": "#2"},
				"east": {"uv": [0, 0, 5.7, 0.25], "texture": "#2"},
				"south": {"uv": [0, 0, 0.45, 0.25], "texture": "#2"},
				"west": {"uv": [0, 0, 5.7, 0.25], "texture": "#2"},
				"up": {"uv": [0, 0, 5.7, 0.45], "rotation": 270, "texture": "#2"},
				"down": {"uv": [0, 0, 5.7, 0.45], "rotation": 90, "texture": "#2"}
			}
		},
		{
			"from": [7.15, 1.25, 8.55],
			"to": [8.85, 1.35, 8.7],
			"rotation": {"angle": 0, "axis": "y", "origin": [15, 9, 16]},
			"faces": {
				"north": {"uv": [0, 0, 1.7, 0.1], "texture": "#0"},
				"east": {"uv": [0, 0, 0.15, 0.1], "texture": "#0"},
				"south": {"uv": [0, 0, 1.7, 0.1], "texture": "#0"},
				"west": {"uv": [0, 0, 0.15, 0.1], "texture": "#0"},
				"up": {"uv": [0, 0, 1.7, 0.15], "texture": "#0"},
				"down": {"uv": [0, 0, 1.7, 0.15], "texture": "#missing"}
			}
		}
	]
}