{"stat.useItem.breachmod2.aimant":17,"stat.flyOneCm":8080,"stat.walkOneCm":10634,"stat.useItem.breachmod2.vitre2":1,"stat.useItem.minecraft.stone_slab":3,"stat.useItem.breachmod2.gates":9,"stat.useItem.breachmod2.vitre1":1,"stat.jump":13,"stat.useItem.breachmod2.vitre4":1,"stat.useItem.breachmod2.vitre3":1,"stat.playOneMinute":4834,"stat.useItem.minecraft.quartz_stairs":3,"stat.sneakTime":145,"stat.crouchOneCm":346,"stat.timeSinceDeath":4834,"stat.useItem.breachmod2.vitre6":1,"stat.useItem.breachmod2.vitre5":1,"stat.sprintOneCm":6965,"stat.useItem.breachmod2.metalrenforcer":15,"stat.useItem.breachmod2.vitre8":1,"stat.useItem.minecraft.stone_slab2":13,"stat.useItem.breachmod2.vitre7":1,"stat.useItem.breachmod2.vitre9":2}