{
  "minecraft:recipes/building_blocks/stone_brick_slab": {
    "criteria": {
      "has_stonebrick": "2022-03-20 20:56:06 +0100"
    },
    "done": true
  },
  "minecraft:recipes/building_blocks/chiseled_stonebrick": {
    "criteria": {
      "has_stonebrick": "2022-03-20 20:56:06 +0100"
    },
    "done": true
  },
  "minecraft:recipes/building_blocks/stone_brick_stairs": {
    "criteria": {
      "has_stonebrick": "2022-03-20 20:56:06 +0100"
    },
    "done": true
  },
  "minecraft:adventure/adventuring_time": {
    "criteria": {
      "extreme_hills": "2021-04-04 11:06:12 +0200",
      "river": "2022-03-20 15:41:01 +0100",
      "stone_beach": "2022-03-20 15:40:50 +0100"
    },
    "done": false
  }
}