{"stat.walkOneCm":36399,"stat.leaveGame":3,"stat.mobKills":1,"stat.useItem.minecraft.diamond_sword":1,"stat.flyOneCm":62762,"stat.jump":65,"stat.playOneMinute":12777,"stat.useItem.minecraft.redstone":13,"stat.useItem.breachmod2.classeddead":4,"stat.sneakTime":503,"stat.useItem.breachmod2.lampbreak":11,"stat.damageDealt":20,"stat.pickup.minecraft.porkchop":2,"stat.crouchOneCm":978,"stat.timeSinceDeath":12777,"stat.sprintOneCm":35510,"stat.useItem.minecraft.stone_slab2":17,"stat.killEntity.Pig":1}