{"stat.flyOneCm":12183,"stat.useItem.breachmod2.lamp10":1,"stat.walkOneCm":3442,"stat.jump":7,"stat.useItem.breachmod2.b860solslab":4,"stat.playOneMinute":3895,"stat.useItem.breachmod2.lamp5":3,"stat.useItem.breachmod2.lampmural":1,"stat.useItem.breachmod2.lamp13":1,"stat.useItem.breachmod2.lampoff":1,"stat.sneakTime":119,"stat.useItem.breachmod2.b860solstair":14,"stat.crouchOneCm":197,"stat.timeSinceDeath":3895,"stat.useItem.breachmod2.b860solblock":17,"stat.useItem.minecraft.stone_slab2":38,"stat.useItem.breachmod2.lampnormal":1}