{"stat.useItem.breachmod2.caisse2x2jaune":1,"stat.walkOneCm":1431,"stat.useItem.breachmod2.caisse2x1blanc":1,"stat.useItem.breachmod2.caisse2x2violet":2,"stat.useItem.breachmod2.caisse2x1rouge":2,"stat.useItem.breachmod2.caisse2x1bleu":3,"stat.useItem.breachmod2.caisse2x1vert":2,"stat.useItem.breachmod2.caisse2x2rouge":3,"stat.useItem.breachmod2.caisse2x2bleu":2,"stat.useItem.breachmod2.caisse2x2orange":1,"stat.useItem.breachmod2.caisse2x2vert":2,"stat.useItem.breachmod2.caisse2x1violet":2,"stat.useItem.breachmod2.caisse2x1gris":1,"stat.flyOneCm":17469,"stat.jump":8,"stat.useItem.breachmod2.caisse2x1grisfonce":1,"stat.playOneMinute":7999,"stat.useItem.breachmod2.caisse2x1jaune":3,"stat.useItem.breachmod2.caisse2x2blanc":1,"stat.sneakTime":701,"stat.useItem.breachmod2.caisse2x2grisfonce":1,"stat.crouchOneCm":1356,"stat.timeSinceDeath":7999,"stat.sprintOneCm":315,"stat.useItem.minecraft.stone_slab2":6,"stat.useItem.breachmod2.caisse2x2gris":1}