{"stat.walkOneCm":3814,"stat.leaveGame":1,"stat.jump":19,"stat.useItem.breachmod2.electricalbarez1":5,"stat.useItem.breachmod2.electricalbarez2":4,"stat.useItem.breachmod2.electricalbarez3":4,"stat.crouchOneCm":1471,"stat.useItem.breachmod2.electricalbarez4":6,"stat.useItem.breachmod2.electricalbarez5":5,"stat.useItem.breachmod2.electricalbarez6":5,"stat.sprintOneCm":538,"stat.useItem.minecraft.stone_slab2":52,"stat.useItem.breachmod2.electricalbarlcz1":4,"stat.useItem.breachmod2.electricalbarlcz2":4,"stat.useItem.breachmod2.electricalbarlcz3":4,"stat.useItem.breachmod2.electricalbarlcz4":5,"stat.useItem.breachmod2.electricalbarlcz5":6,"stat.useItem.breachmod2.electricalbarlcz6":6,"stat.flyOneCm":87390,"stat.useItem.breachmod2.scp079block":1,"stat.playOneMinute":22937,"stat.sneakTime":511,"stat.timeSinceDeath":22937}